id,serie,data,valor,carregado_em
1,dolar_comercial,2023-01-02,5.343,2026-06-08T22:21:55.873731
2,dolar_comercial,2023-01-03,5.3753,2026-06-08T22:21:55.873731
3,dolar_comercial,2023-01-04,5.4453,2026-06-08T22:21:55.873731
4,dolar_comercial,2023-01-05,5.402,2026-06-08T22:21:55.873731
5,dolar_comercial,2023-01-06,5.2849,2026-06-08T22:21:55.873731
6,dolar_comercial,2023-01-09,5.2961,2026-06-08T22:21:55.873731
7,dolar_comercial,2023-01-10,5.2389,2026-06-08T22:21:55.873731
8,dolar_comercial,2023-01-11,5.2014,2026-06-08T22:21:55.873731
9,dolar_comercial,2023-01-12,5.1394,2026-06-08T22:21:55.873731
10,dolar_comercial,2023-01-13,5.114,2026-06-08T22:21:55.873731
11,dolar_comercial,2023-01-16,5.1109,2026-06-08T22:21:55.873731
12,dolar_comercial,2023-01-17,5.1197,2026-06-08T22:21:55.873731
13,dolar_comercial,2023-01-18,5.0903,2026-06-08T22:21:55.873731
14,dolar_comercial,2023-01-19,5.2138,2026-06-08T22:21:55.873731
15,dolar_comercial,2023-01-20,5.198,2026-06-08T22:21:55.873731
16,dolar_comercial,2023-01-23,5.1916,2026-06-08T22:21:55.873731
17,dolar_comercial,2023-01-24,5.169,2026-06-08T22:21:55.873731
18,dolar_comercial,2023-01-25,5.1036,2026-06-08T22:21:55.873731
19,dolar_comercial,2023-01-26,5.0945,2026-06-08T22:21:55.873731
20,dolar_comercial,2023-01-27,5.0761,2026-06-08T22:21:55.873731
21,dolar_comercial,2023-01-30,5.0953,2026-06-08T22:21:55.873731
22,dolar_comercial,2023-01-31,5.0987,2026-06-08T22:21:55.873731
23,dolar_comercial,2023-02-01,5.0715,2026-06-08T22:21:55.873731
24,dolar_comercial,2023-02-02,4.9895,2026-06-08T22:21:55.873731
25,dolar_comercial,2023-02-03,5.1024,2026-06-08T22:21:55.873731
26,dolar_comercial,2023-02-06,5.1757,2026-06-08T22:21:55.873731
27,dolar_comercial,2023-02-07,5.1689,2026-06-08T22:21:55.873731
28,dolar_comercial,2023-02-08,5.203,2026-06-08T22:21:55.873731
29,dolar_comercial,2023-02-09,5.2309,2026-06-08T22:21:55.873731
30,dolar_comercial,2023-02-10,5.252,2026-06-08T22:21:55.873731
31,dolar_comercial,2023-02-13,5.1828,2026-06-08T22:21:55.873731
32,dolar_comercial,2023-02-14,5.1501,2026-06-08T22:21:55.873731
33,dolar_comercial,2023-02-15,5.2237,2026-06-08T22:21:55.873731
34,dolar_comercial,2023-02-16,5.2426,2026-06-08T22:21:55.873731
35,dolar_comercial,2023-02-17,5.2006,2026-06-08T22:21:55.873731
36,dolar_comercial,2023-02-22,5.1724,2026-06-08T22:21:55.873731
37,dolar_comercial,2023-02-23,5.1324,2026-06-08T22:21:55.873731
38,dolar_comercial,2023-02-24,5.1785,2026-06-08T22:21:55.873731
39,dolar_comercial,2023-02-27,5.1954,2026-06-08T22:21:55.873731
40,dolar_comercial,2023-02-28,5.2072,2026-06-08T22:21:55.873731
41,dolar_comercial,2023-03-01,5.2064,2026-06-08T22:21:55.873731
42,dolar_comercial,2023-03-02,5.2074,2026-06-08T22:21:55.873731
43,dolar_comercial,2023-03-03,5.2031,2026-06-08T22:21:55.873731
44,dolar_comercial,2023-03-06,5.1964,2026-06-08T22:21:55.873731
45,dolar_comercial,2023-03-07,5.1895,2026-06-08T22:21:55.873731
46,dolar_comercial,2023-03-08,5.1381,2026-06-08T22:21:55.873731
47,dolar_comercial,2023-03-09,5.1347,2026-06-08T22:21:55.873731
48,dolar_comercial,2023-03-10,5.1816,2026-06-08T22:21:55.873731
49,dolar_comercial,2023-03-13,5.2394,2026-06-08T22:21:55.873731
50,dolar_comercial,2023-03-14,5.2356,2026-06-08T22:21:55.873731
51,dolar_comercial,2023-03-15,5.2975,2026-06-08T22:21:55.873731
52,dolar_comercial,2023-03-16,5.2886,2026-06-08T22:21:55.873731
53,dolar_comercial,2023-03-17,5.2673,2026-06-08T22:21:55.873731
54,dolar_comercial,2023-03-20,5.2461,2026-06-08T22:21:55.873731
55,dolar_comercial,2023-03-21,5.2438,2026-06-08T22:21:55.873731
56,dolar_comercial,2023-03-22,5.2642,2026-06-08T22:21:55.873731
57,dolar_comercial,2023-03-23,5.2626,2026-06-08T22:21:55.873731
58,dolar_comercial,2023-03-24,5.2915,2026-06-08T22:21:55.873731
59,dolar_comercial,2023-03-27,5.23,2026-06-08T22:21:55.873731
60,dolar_comercial,2023-03-28,5.1727,2026-06-08T22:21:55.873731
61,dolar_comercial,2023-03-29,5.1487,2026-06-08T22:21:55.873731
62,dolar_comercial,2023-03-30,5.1248,2026-06-08T22:21:55.873731
63,dolar_comercial,2023-03-31,5.0798,2026-06-08T22:21:55.873731
64,dolar_comercial,2023-04-03,5.0631,2026-06-08T22:21:55.873731
65,dolar_comercial,2023-04-04,5.0756,2026-06-08T22:21:55.873731
66,dolar_comercial,2023-04-05,5.0441,2026-06-08T22:21:55.873731
67,dolar_comercial,2023-04-06,5.0677,2026-06-08T22:21:55.873731
68,dolar_comercial,2023-04-10,5.0828,2026-06-08T22:21:55.873731
69,dolar_comercial,2023-04-11,5.0122,2026-06-08T22:21:55.873731
70,dolar_comercial,2023-04-12,4.949,2026-06-08T22:21:55.873731
71,dolar_comercial,2023-04-13,4.9091,2026-06-08T22:21:55.873731
72,dolar_comercial,2023-04-14,4.9449,2026-06-08T22:21:55.873731
73,dolar_comercial,2023-04-17,4.9415,2026-06-08T22:21:55.873731
74,dolar_comercial,2023-04-18,4.9672,2026-06-08T22:21:55.873731
75,dolar_comercial,2023-04-19,5.0461,2026-06-08T22:21:55.873731
76,dolar_comercial,2023-04-20,5.0491,2026-06-08T22:21:55.873731
77,dolar_comercial,2023-04-24,5.0589,2026-06-08T22:21:55.873731
78,dolar_comercial,2023-04-25,5.0607,2026-06-08T22:21:55.873731
79,dolar_comercial,2023-04-26,5.0579,2026-06-08T22:21:55.873731
80,dolar_comercial,2023-04-27,5.0144,2026-06-08T22:21:55.873731
81,dolar_comercial,2023-04-28,5.0001,2026-06-08T22:21:55.873731
82,dolar_comercial,2023-05-02,5.0329,2026-06-08T22:21:55.873731
83,dolar_comercial,2023-05-03,5.0221,2026-06-08T22:21:55.873731
84,dolar_comercial,2023-05-04,5.01,2026-06-08T22:21:55.873731
85,dolar_comercial,2023-05-05,4.969,2026-06-08T22:21:55.873731
86,dolar_comercial,2023-05-08,4.969,2026-06-08T22:21:55.873731
87,dolar_comercial,2023-05-09,5.0001,2026-06-08T22:21:55.873731
88,dolar_comercial,2023-05-10,4.9541,2026-06-08T22:21:55.873731
89,dolar_comercial,2023-05-11,4.969,2026-06-08T22:21:55.873731
90,dolar_comercial,2023-05-12,4.9228,2026-06-08T22:21:55.873731
91,dolar_comercial,2023-05-15,4.9097,2026-06-08T22:21:55.873731
92,dolar_comercial,2023-05-16,4.9116,2026-06-08T22:21:55.873731
93,dolar_comercial,2023-05-17,4.9507,2026-06-08T22:21:55.873731
94,dolar_comercial,2023-05-18,4.9641,2026-06-08T22:21:55.873731
95,dolar_comercial,2023-05-19,4.9852,2026-06-08T22:21:55.873731
96,dolar_comercial,2023-05-22,4.9674,2026-06-08T22:21:55.873731
97,dolar_comercial,2023-05-23,4.9668,2026-06-08T22:21:55.873731
98,dolar_comercial,2023-05-24,4.9468,2026-06-08T22:21:55.873731
99,dolar_comercial,2023-05-25,4.9984,2026-06-08T22:21:55.873731
100,dolar_comercial,2023-05-26,5.0108,2026-06-08T22:21:55.873731
101,dolar_comercial,2023-05-29,4.9948,2026-06-08T22:21:55.873731
102,dolar_comercial,2023-05-30,5.0587,2026-06-08T22:21:55.873731
103,dolar_comercial,2023-05-31,5.0953,2026-06-08T22:21:55.873731
104,dolar_comercial,2023-06-01,5.0344,2026-06-08T22:21:55.873731
105,dolar_comercial,2023-06-02,4.9552,2026-06-08T22:21:55.873731
106,dolar_comercial,2023-06-05,4.923,2026-06-08T22:21:55.873731
107,dolar_comercial,2023-06-06,4.9286,2026-06-08T22:21:55.873731
108,dolar_comercial,2023-06-07,4.9113,2026-06-08T22:21:55.873731
109,dolar_comercial,2023-06-09,4.8916,2026-06-08T22:21:55.873731
110,dolar_comercial,2023-06-12,4.8826,2026-06-08T22:21:55.873731
111,dolar_comercial,2023-06-13,4.8527,2026-06-08T22:21:55.873731
112,dolar_comercial,2023-06-14,4.8456,2026-06-08T22:21:55.873731
113,dolar_comercial,2023-06-15,4.8216,2026-06-08T22:21:55.873731
114,dolar_comercial,2023-06-16,4.828,2026-06-08T22:21:55.873731
115,dolar_comercial,2023-06-19,4.7797,2026-06-08T22:21:55.873731
116,dolar_comercial,2023-06-20,4.7924,2026-06-08T22:21:55.873731
117,dolar_comercial,2023-06-21,4.7789,2026-06-08T22:21:55.873731
118,dolar_comercial,2023-06-22,4.7744,2026-06-08T22:21:55.873731
119,dolar_comercial,2023-06-23,4.7793,2026-06-08T22:21:55.873731
120,dolar_comercial,2023-06-26,4.7692,2026-06-08T22:21:55.873731
121,dolar_comercial,2023-06-27,4.7897,2026-06-08T22:21:55.873731
122,dolar_comercial,2023-06-28,4.8557,2026-06-08T22:21:55.873731
123,dolar_comercial,2023-06-29,4.8578,2026-06-08T22:21:55.873731
124,dolar_comercial,2023-06-30,4.8186,2026-06-08T22:21:55.873731
125,dolar_comercial,2023-07-03,4.787,2026-06-08T22:21:55.873731
126,dolar_comercial,2023-07-04,4.805,2026-06-08T22:21:55.873731
127,dolar_comercial,2023-07-05,4.8571,2026-06-08T22:21:55.873731
128,dolar_comercial,2023-07-06,4.8971,2026-06-08T22:21:55.873731
129,dolar_comercial,2023-07-07,4.8793,2026-06-08T22:21:55.873731
130,dolar_comercial,2023-07-10,4.8729,2026-06-08T22:21:55.873731
131,dolar_comercial,2023-07-11,4.8943,2026-06-08T22:21:55.873731
132,dolar_comercial,2023-07-12,4.8052,2026-06-08T22:21:55.873731
133,dolar_comercial,2023-07-13,4.8032,2026-06-08T22:21:55.873731
134,dolar_comercial,2023-07-14,4.7951,2026-06-08T22:21:55.873731
135,dolar_comercial,2023-07-17,4.8296,2026-06-08T22:21:55.873731
136,dolar_comercial,2023-07-18,4.8034,2026-06-08T22:21:55.873731
137,dolar_comercial,2023-07-19,4.7994,2026-06-08T22:21:55.873731
138,dolar_comercial,2023-07-20,4.7882,2026-06-08T22:21:55.873731
139,dolar_comercial,2023-07-21,4.7726,2026-06-08T22:21:55.873731
140,dolar_comercial,2023-07-24,4.7451,2026-06-08T22:21:55.873731
141,dolar_comercial,2023-07-25,4.749,2026-06-08T22:21:55.873731
142,dolar_comercial,2023-07-26,4.7362,2026-06-08T22:21:55.873731
143,dolar_comercial,2023-07-27,4.7196,2026-06-08T22:21:55.873731
144,dolar_comercial,2023-07-28,4.7247,2026-06-08T22:21:55.873731
145,dolar_comercial,2023-07-31,4.7409,2026-06-08T22:21:55.873731
146,dolar_comercial,2023-08-01,4.7746,2026-06-08T22:21:55.873731
147,dolar_comercial,2023-08-02,4.8077,2026-06-08T22:21:55.873731
148,dolar_comercial,2023-08-03,4.8791,2026-06-08T22:21:55.873731
149,dolar_comercial,2023-08-04,4.8603,2026-06-08T22:21:55.873731
150,dolar_comercial,2023-08-07,4.9004,2026-06-08T22:21:55.873731
151,dolar_comercial,2023-08-08,4.9211,2026-06-08T22:21:55.873731
152,dolar_comercial,2023-08-09,4.9009,2026-06-08T22:21:55.873731
153,dolar_comercial,2023-08-10,4.8512,2026-06-08T22:21:55.873731
154,dolar_comercial,2023-08-11,4.8912,2026-06-08T22:21:55.873731
155,dolar_comercial,2023-08-14,4.9475,2026-06-08T22:21:55.873731
156,dolar_comercial,2023-08-15,4.9806,2026-06-08T22:21:55.873731
157,dolar_comercial,2023-08-16,4.9765,2026-06-08T22:21:55.873731
158,dolar_comercial,2023-08-17,4.981,2026-06-08T22:21:55.873731
159,dolar_comercial,2023-08-18,4.9718,2026-06-08T22:21:55.873731
160,dolar_comercial,2023-08-21,4.9841,2026-06-08T22:21:55.873731
161,dolar_comercial,2023-08-22,4.9425,2026-06-08T22:21:55.873731
162,dolar_comercial,2023-08-23,4.8971,2026-06-08T22:21:55.873731
163,dolar_comercial,2023-08-24,4.8742,2026-06-08T22:21:55.873731
164,dolar_comercial,2023-08-25,4.8766,2026-06-08T22:21:55.873731
165,dolar_comercial,2023-08-28,4.8933,2026-06-08T22:21:55.873731
166,dolar_comercial,2023-08-29,4.87,2026-06-08T22:21:55.873731
167,dolar_comercial,2023-08-30,4.8647,2026-06-08T22:21:55.873731
168,dolar_comercial,2023-08-31,4.9213,2026-06-08T22:21:55.873731
169,dolar_comercial,2023-09-01,4.9312,2026-06-08T22:21:55.873731
170,dolar_comercial,2023-09-04,4.917,2026-06-08T22:21:55.873731
171,dolar_comercial,2023-09-05,4.9699,2026-06-08T22:21:55.873731
172,dolar_comercial,2023-09-06,4.9756,2026-06-08T22:21:55.873731
173,dolar_comercial,2023-09-08,4.9829,2026-06-08T22:21:55.873731
174,dolar_comercial,2023-09-11,4.936,2026-06-08T22:21:55.873731
175,dolar_comercial,2023-09-12,4.9499,2026-06-08T22:21:55.873731
176,dolar_comercial,2023-09-13,4.9165,2026-06-08T22:21:55.873731
177,dolar_comercial,2023-09-14,4.8745,2026-06-08T22:21:55.873731
178,dolar_comercial,2023-09-15,4.8683,2026-06-08T22:21:55.873731
179,dolar_comercial,2023-09-18,4.8529,2026-06-08T22:21:55.873731
180,dolar_comercial,2023-09-19,4.8569,2026-06-08T22:21:55.873731
181,dolar_comercial,2023-09-20,4.8481,2026-06-08T22:21:55.873731
182,dolar_comercial,2023-09-21,4.9223,2026-06-08T22:21:55.873731
183,dolar_comercial,2023-09-22,4.9125,2026-06-08T22:21:55.873731
184,dolar_comercial,2023-09-25,4.96,2026-06-08T22:21:55.873731
185,dolar_comercial,2023-09-26,4.9711,2026-06-08T22:21:55.873731
186,dolar_comercial,2023-09-27,5.0283,2026-06-08T22:21:55.873731
187,dolar_comercial,2023-09-28,5.0469,2026-06-08T22:21:55.873731
188,dolar_comercial,2023-09-29,5.007,2026-06-08T22:21:55.873731
189,dolar_comercial,2023-10-02,5.0673,2026-06-08T22:21:55.873731
190,dolar_comercial,2023-10-03,5.1094,2026-06-08T22:21:55.873731
191,dolar_comercial,2023-10-04,5.152,2026-06-08T22:21:55.873731
192,dolar_comercial,2023-10-05,5.1707,2026-06-08T22:21:55.873731
193,dolar_comercial,2023-10-06,5.1912,2026-06-08T22:21:55.873731
194,dolar_comercial,2023-10-09,5.166,2026-06-08T22:21:55.873731
195,dolar_comercial,2023-10-10,5.0856,2026-06-08T22:21:55.873731
196,dolar_comercial,2023-10-11,5.049,2026-06-08T22:21:55.873731
197,dolar_comercial,2023-10-13,5.0619,2026-06-08T22:21:55.873731
198,dolar_comercial,2023-10-16,5.0612,2026-06-08T22:21:55.873731
199,dolar_comercial,2023-10-17,5.0378,2026-06-08T22:21:55.873731
200,dolar_comercial,2023-10-18,5.0562,2026-06-08T22:21:55.873731
201,dolar_comercial,2023-10-19,5.0534,2026-06-08T22:21:55.873731
202,dolar_comercial,2023-10-20,5.0522,2026-06-08T22:21:55.873731
203,dolar_comercial,2023-10-23,5.0158,2026-06-08T22:21:55.873731
204,dolar_comercial,2023-10-24,5.0059,2026-06-08T22:21:55.873731
205,dolar_comercial,2023-10-25,4.9975,2026-06-08T22:21:55.873731
206,dolar_comercial,2023-10-26,5.0049,2026-06-08T22:21:55.873731
207,dolar_comercial,2023-10-27,4.9474,2026-06-08T22:21:55.873731
208,dolar_comercial,2023-10-30,5.0068,2026-06-08T22:21:55.873731
209,dolar_comercial,2023-10-31,5.0569,2026-06-08T22:21:55.873731
210,dolar_comercial,2023-11-01,5.0188,2026-06-08T22:21:55.873731
211,dolar_comercial,2023-11-03,4.8904,2026-06-08T22:21:55.873731
212,dolar_comercial,2023-11-06,4.8993,2026-06-08T22:21:55.873731
213,dolar_comercial,2023-11-07,4.8664,2026-06-08T22:21:55.873731
214,dolar_comercial,2023-11-08,4.8849,2026-06-08T22:21:55.873731
215,dolar_comercial,2023-11-09,4.9001,2026-06-08T22:21:55.873731
216,dolar_comercial,2023-11-10,4.9213,2026-06-08T22:21:55.873731
217,dolar_comercial,2023-11-13,4.924,2026-06-08T22:21:55.873731
218,dolar_comercial,2023-11-14,4.8676,2026-06-08T22:21:55.873731
219,dolar_comercial,2023-11-16,4.8569,2026-06-08T22:21:55.873731
220,dolar_comercial,2023-11-17,4.8843,2026-06-08T22:21:55.873731
221,dolar_comercial,2023-11-20,4.8717,2026-06-08T22:21:55.873731
222,dolar_comercial,2023-11-21,4.88,2026-06-08T22:21:55.873731
223,dolar_comercial,2023-11-22,4.8962,2026-06-08T22:21:55.873731
224,dolar_comercial,2023-11-23,4.8925,2026-06-08T22:21:55.873731
225,dolar_comercial,2023-11-24,4.8921,2026-06-08T22:21:55.873731
226,dolar_comercial,2023-11-27,4.8945,2026-06-08T22:21:55.873731
227,dolar_comercial,2023-11-28,4.8861,2026-06-08T22:21:55.873731
228,dolar_comercial,2023-11-29,4.8927,2026-06-08T22:21:55.873731
229,dolar_comercial,2023-11-30,4.9349,2026-06-08T22:21:55.873731
230,dolar_comercial,2023-12-01,4.9185,2026-06-08T22:21:55.873731
231,dolar_comercial,2023-12-04,4.9085,2026-06-08T22:21:55.873731
232,dolar_comercial,2023-12-05,4.9516,2026-06-08T22:21:55.873731
233,dolar_comercial,2023-12-06,4.9025,2026-06-08T22:21:55.873731
234,dolar_comercial,2023-12-07,4.8943,2026-06-08T22:21:55.873731
235,dolar_comercial,2023-12-08,4.9152,2026-06-08T22:21:55.873731
236,dolar_comercial,2023-12-11,4.9434,2026-06-08T22:21:55.873731
237,dolar_comercial,2023-12-12,4.947,2026-06-08T22:21:55.873731
238,dolar_comercial,2023-12-13,4.9573,2026-06-08T22:21:55.873731
239,dolar_comercial,2023-12-14,4.8906,2026-06-08T22:21:55.873731
240,dolar_comercial,2023-12-15,4.9391,2026-06-08T22:21:55.873731
241,dolar_comercial,2023-12-18,4.9393,2026-06-08T22:21:55.873731
242,dolar_comercial,2023-12-19,4.8657,2026-06-08T22:21:55.873731
243,dolar_comercial,2023-12-20,4.876,2026-06-08T22:21:55.873731
244,dolar_comercial,2023-12-21,4.8749,2026-06-08T22:21:55.873731
245,dolar_comercial,2023-12-22,4.8613,2026-06-08T22:21:55.873731
246,dolar_comercial,2023-12-26,4.8362,2026-06-08T22:21:55.873731
247,dolar_comercial,2023-12-27,4.83,2026-06-08T22:21:55.873731
248,dolar_comercial,2023-12-28,4.8407,2026-06-08T22:21:55.873731
249,dolar_comercial,2023-12-29,4.8407,2026-06-08T22:21:55.873731
250,igpm_mensal,2023-01-01,0.21,2026-06-08T22:21:55.902036
251,igpm_mensal,2023-02-01,-0.06,2026-06-08T22:21:55.902036
252,igpm_mensal,2023-03-01,0.05,2026-06-08T22:21:55.902036
253,igpm_mensal,2023-04-01,-0.95,2026-06-08T22:21:55.902036
254,igpm_mensal,2023-05-01,-1.84,2026-06-08T22:21:55.902036
255,igpm_mensal,2023-06-01,-1.93,2026-06-08T22:21:55.902036
256,igpm_mensal,2023-07-01,-0.72,2026-06-08T22:21:55.902036
257,igpm_mensal,2023-08-01,-0.14,2026-06-08T22:21:55.902036
258,igpm_mensal,2023-09-01,0.37,2026-06-08T22:21:55.902036
259,igpm_mensal,2023-10-01,0.5,2026-06-08T22:21:55.902036
260,igpm_mensal,2023-11-01,0.59,2026-06-08T22:21:55.902036
261,igpm_mensal,2023-12-01,0.74,2026-06-08T22:21:55.902036
523,ipca_mensal,2023-01-01,0.53,2026-06-08T22:24:09.917579
524,ipca_mensal,2023-02-01,0.84,2026-06-08T22:24:09.917579
525,ipca_mensal,2023-03-01,0.71,2026-06-08T22:24:09.917579
526,ipca_mensal,2023-04-01,0.61,2026-06-08T22:24:09.917579
527,ipca_mensal,2023-05-01,0.23,2026-06-08T22:24:09.917579
528,ipca_mensal,2023-06-01,-0.08,2026-06-08T22:24:09.917579
529,ipca_mensal,2023-07-01,0.12,2026-06-08T22:24:09.917579
530,ipca_mensal,2023-08-01,0.23,2026-06-08T22:24:09.917579
531,ipca_mensal,2023-09-01,0.26,2026-06-08T22:24:09.917579
532,ipca_mensal,2023-10-01,0.24,2026-06-08T22:24:09.917579
533,ipca_mensal,2023-11-01,0.28,2026-06-08T22:24:09.917579
534,ipca_mensal,2023-12-01,0.56,2026-06-08T22:24:09.917579
535,selic_diaria,2023-01-02,0.050788,2026-06-08T22:24:09.937868
536,selic_diaria,2023-01-03,0.050788,2026-06-08T22:24:09.937868
537,selic_diaria,2023-01-04,0.050788,2026-06-08T22:24:09.937868
538,selic_diaria,2023-01-05,0.050788,2026-06-08T22:24:09.937868
539,selic_diaria,2023-01-06,0.050788,2026-06-08T22:24:09.937868
540,selic_diaria,2023-01-09,0.050788,2026-06-08T22:24:09.937868
541,selic_diaria,2023-01-10,0.050788,2026-06-08T22:24:09.937868
542,selic_diaria,2023-01-11,0.050788,2026-06-08T22:24:09.937868
543,selic_diaria,2023-01-12,0.050788,2026-06-08T22:24:09.937868
544,selic_diaria,2023-01-13,0.050788,2026-06-08T22:24:09.937868
545,selic_diaria,2023-01-16,0.050788,2026-06-08T22:24:09.937868
546,selic_diaria,2023-01-17,0.050788,2026-06-08T22:24:09.937868
547,selic_diaria,2023-01-18,0.050788,2026-06-08T22:24:09.937868
548,selic_diaria,2023-01-19,0.050788,2026-06-08T22:24:09.937868
549,selic_diaria,2023-01-20,0.050788,2026-06-08T22:24:09.937868
550,selic_diaria,2023-01-23,0.050788,2026-06-08T22:24:09.937868
551,selic_diaria,2023-01-24,0.050788,2026-06-08T22:24:09.937868
552,selic_diaria,2023-01-25,0.050788,2026-06-08T22:24:09.937868
553,selic_diaria,2023-01-26,0.050788,2026-06-08T22:24:09.937868
554,selic_diaria,2023-01-27,0.050788,2026-06-08T22:24:09.937868
555,selic_diaria,2023-01-30,0.050788,2026-06-08T22:24:09.937868
556,selic_diaria,2023-01-31,0.050788,2026-06-08T22:24:09.937868
557,selic_diaria,2023-02-01,0.050788,2026-06-08T22:24:09.937868
558,selic_diaria,2023-02-02,0.050788,2026-06-08T22:24:09.937868
559,selic_diaria,2023-02-03,0.050788,2026-06-08T22:24:09.937868
560,selic_diaria,2023-02-06,0.050788,2026-06-08T22:24:09.937868
561,selic_diaria,2023-02-07,0.050788,2026-06-08T22:24:09.937868
562,selic_diaria,2023-02-08,0.050788,2026-06-08T22:24:09.937868
563,selic_diaria,2023-02-09,0.050788,2026-06-08T22:24:09.937868
564,selic_diaria,2023-02-10,0.050788,2026-06-08T22:24:09.937868
565,selic_diaria,2023-02-13,0.050788,2026-06-08T22:24:09.937868
566,selic_diaria,2023-02-14,0.050788,2026-06-08T22:24:09.937868
567,selic_diaria,2023-02-15,0.050788,2026-06-08T22:24:09.937868
568,selic_diaria,2023-02-16,0.050788,2026-06-08T22:24:09.937868
569,selic_diaria,2023-02-17,0.050788,2026-06-08T22:24:09.937868
570,selic_diaria,2023-02-22,0.050788,2026-06-08T22:24:09.937868
571,selic_diaria,2023-02-23,0.050788,2026-06-08T22:24:09.937868
572,selic_diaria,2023-02-24,0.050788,2026-06-08T22:24:09.937868
573,selic_diaria,2023-02-27,0.050788,2026-06-08T22:24:09.937868
574,selic_diaria,2023-02-28,0.050788,2026-06-08T22:24:09.937868
575,selic_diaria,2023-03-01,0.050788,2026-06-08T22:24:09.937868
576,selic_diaria,2023-03-02,0.050788,2026-06-08T22:24:09.937868
577,selic_diaria,2023-03-03,0.050788,2026-06-08T22:24:09.937868
578,selic_diaria,2023-03-06,0.050788,2026-06-08T22:24:09.937868
579,selic_diaria,2023-03-07,0.050788,2026-06-08T22:24:09.937868
580,selic_diaria,2023-03-08,0.050788,2026-06-08T22:24:09.937868
581,selic_diaria,2023-03-09,0.050788,2026-06-08T22:24:09.937868
582,selic_diaria,2023-03-10,0.050788,2026-06-08T22:24:09.937868
583,selic_diaria,2023-03-13,0.050788,2026-06-08T22:24:09.937868
584,selic_diaria,2023-03-14,0.050788,2026-06-08T22:24:09.937868
585,selic_diaria,2023-03-15,0.050788,2026-06-08T22:24:09.937868
586,selic_diaria,2023-03-16,0.050788,2026-06-08T22:24:09.937868
587,selic_diaria,2023-03-17,0.050788,2026-06-08T22:24:09.937868
588,selic_diaria,2023-03-20,0.050788,2026-06-08T22:24:09.937868
589,selic_diaria,2023-03-21,0.050788,2026-06-08T22:24:09.937868
590,selic_diaria,2023-03-22,0.050788,2026-06-08T22:24:09.937868
591,selic_diaria,2023-03-23,0.050788,2026-06-08T22:24:09.937868
592,selic_diaria,2023-03-24,0.050788,2026-06-08T22:24:09.937868
593,selic_diaria,2023-03-27,0.050788,2026-06-08T22:24:09.937868
594,selic_diaria,2023-03-28,0.050788,2026-06-08T22:24:09.937868
595,selic_diaria,2023-03-29,0.050788,2026-06-08T22:24:09.937868
596,selic_diaria,2023-03-30,0.050788,2026-06-08T22:24:09.937868
597,selic_diaria,2023-03-31,0.050788,2026-06-08T22:24:09.937868
598,selic_diaria,2023-04-03,0.050788,2026-06-08T22:24:09.937868
599,selic_diaria,2023-04-04,0.050788,2026-06-08T22:24:09.937868
600,selic_diaria,2023-04-05,0.050788,2026-06-08T22:24:09.937868
601,selic_diaria,2023-04-06,0.050788,2026-06-08T22:24:09.937868
602,selic_diaria,2023-04-10,0.050788,2026-06-08T22:24:09.937868
603,selic_diaria,2023-04-11,0.050788,2026-06-08T22:24:09.937868
604,selic_diaria,2023-04-12,0.050788,2026-06-08T22:24:09.937868
605,selic_diaria,2023-04-13,0.050788,2026-06-08T22:24:09.937868
606,selic_diaria,2023-04-14,0.050788,2026-06-08T22:24:09.937868
607,selic_diaria,2023-04-17,0.050788,2026-06-08T22:24:09.937868
608,selic_diaria,2023-04-18,0.050788,2026-06-08T22:24:09.937868
609,selic_diaria,2023-04-19,0.050788,2026-06-08T22:24:09.937868
610,selic_diaria,2023-04-20,0.050788,2026-06-08T22:24:09.937868
611,selic_diaria,2023-04-24,0.050788,2026-06-08T22:24:09.937868
612,selic_diaria,2023-04-25,0.050788,2026-06-08T22:24:09.937868
613,selic_diaria,2023-04-26,0.050788,2026-06-08T22:24:09.937868
614,selic_diaria,2023-04-27,0.050788,2026-06-08T22:24:09.937868
615,selic_diaria,2023-04-28,0.050788,2026-06-08T22:24:09.937868
616,selic_diaria,2023-05-02,0.050788,2026-06-08T22:24:09.937868
617,selic_diaria,2023-05-03,0.050788,2026-06-08T22:24:09.937868
618,selic_diaria,2023-05-04,0.050788,2026-06-08T22:24:09.937868
619,selic_diaria,2023-05-05,0.050788,2026-06-08T22:24:09.937868
620,selic_diaria,2023-05-08,0.050788,2026-06-08T22:24:09.937868
621,selic_diaria,2023-05-09,0.050788,2026-06-08T22:24:09.937868
622,selic_diaria,2023-05-10,0.050788,2026-06-08T22:24:09.937868
623,selic_diaria,2023-05-11,0.050788,2026-06-08T22:24:09.937868
624,selic_diaria,2023-05-12,0.050788,2026-06-08T22:24:09.937868
625,selic_diaria,2023-05-15,0.050788,2026-06-08T22:24:09.937868
626,selic_diaria,2023-05-16,0.050788,2026-06-08T22:24:09.937868
627,selic_diaria,2023-05-17,0.050788,2026-06-08T22:24:09.937868
628,selic_diaria,2023-05-18,0.050788,2026-06-08T22:24:09.937868
629,selic_diaria,2023-05-19,0.050788,2026-06-08T22:24:09.937868
630,selic_diaria,2023-05-22,0.050788,2026-06-08T22:24:09.937868
631,selic_diaria,2023-05-23,0.050788,2026-06-08T22:24:09.937868
632,selic_diaria,2023-05-24,0.050788,2026-06-08T22:24:09.937868
633,selic_diaria,2023-05-25,0.050788,2026-06-08T22:24:09.937868
634,selic_diaria,2023-05-26,0.050788,2026-06-08T22:24:09.937868
635,selic_diaria,2023-05-29,0.050788,2026-06-08T22:24:09.937868
636,selic_diaria,2023-05-30,0.050788,2026-06-08T22:24:09.937868
637,selic_diaria,2023-05-31,0.050788,2026-06-08T22:24:09.937868
638,selic_diaria,2023-06-01,0.050788,2026-06-08T22:24:09.937868
639,selic_diaria,2023-06-02,0.050788,2026-06-08T22:24:09.937868
640,selic_diaria,2023-06-05,0.050788,2026-06-08T22:24:09.937868
641,selic_diaria,2023-06-06,0.050788,2026-06-08T22:24:09.937868
642,selic_diaria,2023-06-07,0.050788,2026-06-08T22:24:09.937868
643,selic_diaria,2023-06-09,0.050788,2026-06-08T22:24:09.937868
644,selic_diaria,2023-06-12,0.050788,2026-06-08T22:24:09.937868
645,selic_diaria,2023-06-13,0.050788,2026-06-08T22:24:09.937868
646,selic_diaria,2023-06-14,0.050788,2026-06-08T22:24:09.937868
647,selic_diaria,2023-06-15,0.050788,2026-06-08T22:24:09.937868
648,selic_diaria,2023-06-16,0.050788,2026-06-08T22:24:09.937868
649,selic_diaria,2023-06-19,0.050788,2026-06-08T22:24:09.937868
650,selic_diaria,2023-06-20,0.050788,2026-06-08T22:24:09.937868
651,selic_diaria,2023-06-21,0.050788,2026-06-08T22:24:09.937868
652,selic_diaria,2023-06-22,0.050788,2026-06-08T22:24:09.937868
653,selic_diaria,2023-06-23,0.050788,2026-06-08T22:24:09.937868
654,selic_diaria,2023-06-26,0.050788,2026-06-08T22:24:09.937868
655,selic_diaria,2023-06-27,0.050788,2026-06-08T22:24:09.937868
656,selic_diaria,2023-06-28,0.050788,2026-06-08T22:24:09.937868
657,selic_diaria,2023-06-29,0.050788,2026-06-08T22:24:09.937868
658,selic_diaria,2023-06-30,0.050788,2026-06-08T22:24:09.937868
659,selic_diaria,2023-07-03,0.050788,2026-06-08T22:24:09.937868
660,selic_diaria,2023-07-04,0.050788,2026-06-08T22:24:09.937868
661,selic_diaria,2023-07-05,0.050788,2026-06-08T22:24:09.937868
662,selic_diaria,2023-07-06,0.050788,2026-06-08T22:24:09.937868
663,selic_diaria,2023-07-07,0.050788,2026-06-08T22:24:09.937868
664,selic_diaria,2023-07-10,0.050788,2026-06-08T22:24:09.937868
665,selic_diaria,2023-07-11,0.050788,2026-06-08T22:24:09.937868
666,selic_diaria,2023-07-12,0.050788,2026-06-08T22:24:09.937868
667,selic_diaria,2023-07-13,0.050788,2026-06-08T22:24:09.937868
668,selic_diaria,2023-07-14,0.050788,2026-06-08T22:24:09.937868
669,selic_diaria,2023-07-17,0.050788,2026-06-08T22:24:09.937868
670,selic_diaria,2023-07-18,0.050788,2026-06-08T22:24:09.937868
671,selic_diaria,2023-07-19,0.050788,2026-06-08T22:24:09.937868
672,selic_diaria,2023-07-20,0.050788,2026-06-08T22:24:09.937868
673,selic_diaria,2023-07-21,0.050788,2026-06-08T22:24:09.937868
674,selic_diaria,2023-07-24,0.050788,2026-06-08T22:24:09.937868
675,selic_diaria,2023-07-25,0.050788,2026-06-08T22:24:09.937868
676,selic_diaria,2023-07-26,0.050788,2026-06-08T22:24:09.937868
677,selic_diaria,2023-07-27,0.050788,2026-06-08T22:24:09.937868
678,selic_diaria,2023-07-28,0.050788,2026-06-08T22:24:09.937868
679,selic_diaria,2023-07-31,0.050788,2026-06-08T22:24:09.937868
680,selic_diaria,2023-08-01,0.050788,2026-06-08T22:24:09.937868
681,selic_diaria,2023-08-02,0.050788,2026-06-08T22:24:09.937868
682,selic_diaria,2023-08-03,0.049037,2026-06-08T22:24:09.937868
683,selic_diaria,2023-08-04,0.049037,2026-06-08T22:24:09.937868
684,selic_diaria,2023-08-07,0.049037,2026-06-08T22:24:09.937868
685,selic_diaria,2023-08-08,0.049037,2026-06-08T22:24:09.937868
686,selic_diaria,2023-08-09,0.049037,2026-06-08T22:24:09.937868
687,selic_diaria,2023-08-10,0.049037,2026-06-08T22:24:09.937868
688,selic_diaria,2023-08-11,0.049037,2026-06-08T22:24:09.937868
689,selic_diaria,2023-08-14,0.049037,2026-06-08T22:24:09.937868
690,selic_diaria,2023-08-15,0.049037,2026-06-08T22:24:09.937868
691,selic_diaria,2023-08-16,0.049037,2026-06-08T22:24:09.937868
692,selic_diaria,2023-08-17,0.049037,2026-06-08T22:24:09.937868
693,selic_diaria,2023-08-18,0.049037,2026-06-08T22:24:09.937868
694,selic_diaria,2023-08-21,0.049037,2026-06-08T22:24:09.937868
695,selic_diaria,2023-08-22,0.049037,2026-06-08T22:24:09.937868
696,selic_diaria,2023-08-23,0.049037,2026-06-08T22:24:09.937868
697,selic_diaria,2023-08-24,0.049037,2026-06-08T22:24:09.937868
698,selic_diaria,2023-08-25,0.049037,2026-06-08T22:24:09.937868
699,selic_diaria,2023-08-28,0.049037,2026-06-08T22:24:09.937868
700,selic_diaria,2023-08-29,0.049037,2026-06-08T22:24:09.937868
701,selic_diaria,2023-08-30,0.049037,2026-06-08T22:24:09.937868
702,selic_diaria,2023-08-31,0.049037,2026-06-08T22:24:09.937868
703,selic_diaria,2023-09-01,0.049037,2026-06-08T22:24:09.937868
704,selic_diaria,2023-09-04,0.049037,2026-06-08T22:24:09.937868
705,selic_diaria,2023-09-05,0.049037,2026-06-08T22:24:09.937868
706,selic_diaria,2023-09-06,0.049037,2026-06-08T22:24:09.937868
707,selic_diaria,2023-09-08,0.049037,2026-06-08T22:24:09.937868
708,selic_diaria,2023-09-11,0.049037,2026-06-08T22:24:09.937868
709,selic_diaria,2023-09-12,0.049037,2026-06-08T22:24:09.937868
710,selic_diaria,2023-09-13,0.049037,2026-06-08T22:24:09.937868
711,selic_diaria,2023-09-14,0.049037,2026-06-08T22:24:09.937868
712,selic_diaria,2023-09-15,0.049037,2026-06-08T22:24:09.937868
713,selic_diaria,2023-09-18,0.049037,2026-06-08T22:24:09.937868
714,selic_diaria,2023-09-19,0.049037,2026-06-08T22:24:09.937868
715,selic_diaria,2023-09-20,0.049037,2026-06-08T22:24:09.937868
716,selic_diaria,2023-09-21,0.047279,2026-06-08T22:24:09.937868
717,selic_diaria,2023-09-22,0.047279,2026-06-08T22:24:09.937868
718,selic_diaria,2023-09-25,0.047279,2026-06-08T22:24:09.937868
719,selic_diaria,2023-09-26,0.047279,2026-06-08T22:24:09.937868
720,selic_diaria,2023-09-27,0.047279,2026-06-08T22:24:09.937868
721,selic_diaria,2023-09-28,0.047279,2026-06-08T22:24:09.937868
722,selic_diaria,2023-09-29,0.047279,2026-06-08T22:24:09.937868
723,selic_diaria,2023-10-02,0.047279,2026-06-08T22:24:09.937868
724,selic_diaria,2023-10-03,0.047279,2026-06-08T22:24:09.937868
725,selic_diaria,2023-10-04,0.047279,2026-06-08T22:24:09.937868
726,selic_diaria,2023-10-05,0.047279,2026-06-08T22:24:09.937868
727,selic_diaria,2023-10-06,0.047279,2026-06-08T22:24:09.937868
728,selic_diaria,2023-10-09,0.047279,2026-06-08T22:24:09.937868
729,selic_diaria,2023-10-10,0.047279,2026-06-08T22:24:09.937868
730,selic_diaria,2023-10-11,0.047279,2026-06-08T22:24:09.937868
731,selic_diaria,2023-10-13,0.047279,2026-06-08T22:24:09.937868
732,selic_diaria,2023-10-16,0.047279,2026-06-08T22:24:09.937868
733,selic_diaria,2023-10-17,0.047279,2026-06-08T22:24:09.937868
734,selic_diaria,2023-10-18,0.047279,2026-06-08T22:24:09.937868
735,selic_diaria,2023-10-19,0.047279,2026-06-08T22:24:09.937868
736,selic_diaria,2023-10-20,0.047279,2026-06-08T22:24:09.937868
737,selic_diaria,2023-10-23,0.047279,2026-06-08T22:24:09.937868
738,selic_diaria,2023-10-24,0.047279,2026-06-08T22:24:09.937868
739,selic_diaria,2023-10-25,0.047279,2026-06-08T22:24:09.937868
740,selic_diaria,2023-10-26,0.047279,2026-06-08T22:24:09.937868
741,selic_diaria,2023-10-27,0.047279,2026-06-08T22:24:09.937868
742,selic_diaria,2023-10-30,0.047279,2026-06-08T22:24:09.937868
743,selic_diaria,2023-10-31,0.047279,2026-06-08T22:24:09.937868
744,selic_diaria,2023-11-01,0.047279,2026-06-08T22:24:09.937868
745,selic_diaria,2023-11-03,0.045513,2026-06-08T22:24:09.937868
746,selic_diaria,2023-11-06,0.045513,2026-06-08T22:24:09.937868
747,selic_diaria,2023-11-07,0.045513,2026-06-08T22:24:09.937868
748,selic_diaria,2023-11-08,0.045513,2026-06-08T22:24:09.937868
749,selic_diaria,2023-11-09,0.045513,2026-06-08T22:24:09.937868
750,selic_diaria,2023-11-10,0.045513,2026-06-08T22:24:09.937868
751,selic_diaria,2023-11-13,0.045513,2026-06-08T22:24:09.937868
752,selic_diaria,2023-11-14,0.045513,2026-06-08T22:24:09.937868
753,selic_diaria,2023-11-16,0.045513,2026-06-08T22:24:09.937868
754,selic_diaria,2023-11-17,0.045513,2026-06-08T22:24:09.937868
755,selic_diaria,2023-11-20,0.045513,2026-06-08T22:24:09.937868
756,selic_diaria,2023-11-21,0.045513,2026-06-08T22:24:09.937868
757,selic_diaria,2023-11-22,0.045513,2026-06-08T22:24:09.937868
758,selic_diaria,2023-11-23,0.045513,2026-06-08T22:24:09.937868
759,selic_diaria,2023-11-24,0.045513,2026-06-08T22:24:09.937868
760,selic_diaria,2023-11-27,0.045513,2026-06-08T22:24:09.937868
761,selic_diaria,2023-11-28,0.045513,2026-06-08T22:24:09.937868
762,selic_diaria,2023-11-29,0.045513,2026-06-08T22:24:09.937868
763,selic_diaria,2023-11-30,0.045513,2026-06-08T22:24:09.937868
764,selic_diaria,2023-12-01,0.045513,2026-06-08T22:24:09.937868
765,selic_diaria,2023-12-04,0.045513,2026-06-08T22:24:09.937868
766,selic_diaria,2023-12-05,0.045513,2026-06-08T22:24:09.937868
767,selic_diaria,2023-12-06,0.045513,2026-06-08T22:24:09.937868
768,selic_diaria,2023-12-07,0.045513,2026-06-08T22:24:09.937868
769,selic_diaria,2023-12-08,0.045513,2026-06-08T22:24:09.937868
770,selic_diaria,2023-12-11,0.045513,2026-06-08T22:24:09.937868
771,selic_diaria,2023-12-12,0.045513,2026-06-08T22:24:09.937868
772,selic_diaria,2023-12-13,0.045513,2026-06-08T22:24:09.937868
773,selic_diaria,2023-12-14,0.043739,2026-06-08T22:24:09.937868
774,selic_diaria,2023-12-15,0.043739,2026-06-08T22:24:09.937868
775,selic_diaria,2023-12-18,0.043739,2026-06-08T22:24:09.937868
776,selic_diaria,2023-12-19,0.043739,2026-06-08T22:24:09.937868
777,selic_diaria,2023-12-20,0.043739,2026-06-08T22:24:09.937868
778,selic_diaria,2023-12-21,0.043739,2026-06-08T22:24:09.937868
779,selic_diaria,2023-12-22,0.043739,2026-06-08T22:24:09.937868
780,selic_diaria,2023-12-26,0.043739,2026-06-08T22:24:09.937868
781,selic_diaria,2023-12-27,0.043739,2026-06-08T22:24:09.937868
782,selic_diaria,2023-12-28,0.043739,2026-06-08T22:24:09.937868
783,selic_diaria,2023-12-29,0.043739,2026-06-08T22:24:09.937868
